{"cameraMode":{"drawMode":0,"name":"Shaded","section":"Shading Mode"},"sceneLighting":false,"audioPlay":false,"sceneViewState":{"showFog":true,"showMaterialUpdate":false,"showSkybox":true,"showFlares":true,"showImageEffects":true,"showParticleSystems":true},"in2DMode":false,"pivot":{"x":7.159999847412109,"y":-2.0899999141693117,"z":90.0},"rotation":{"x":0.004491462837904692,"y":-0.06146113574504852,"z":0.0002764006785582751,"w":0.9981008768081665},"size":3.204591989517212,"orthographic":true}