{"cameraMode":{"drawMode":0,"name":"Shaded","section":"Shading Mode"},"sceneLighting":true,"audioPlay":false,"sceneViewState":{"showFog":true,"showMaterialUpdate":false,"showSkybox":true,"showFlares":true,"showImageEffects":true,"showParticleSystems":true},"in2DMode":false,"pivot":{"x":0.6005859375,"y":0.9824981689453125,"z":90.34765625},"rotation":{"x":0.004491462837904692,"y":-0.06146113574504852,"z":0.0002764006785582751,"w":0.9981008768081665},"size":10.072481155395508,"orthographic":true}